"SD","evenness","nestedness","generality","connectance"
1,0.940431644514505,26.172721635703,47.3123120267418,0.162875
1,0.950204623354997,26.9065636925519,55.2518405993285,0.168125
1,0.959026776297679,28.4844755242805,51.7190145495807,0.180125
1,0.945529243233768,25.1001774112785,54.9669051448006,0.169725
1,0.943259221125961,26.2537977858402,47.6108748840491,0.16445
1,0.942562340234797,25.3453839456496,46.4995231304615,0.1631
1,0.949557250476275,28.3038187674504,47.2981316286333,0.170175
1,0.945965182356726,27.0220669995325,59.1712117191092,0.16895
1,0.932560142019881,25.4081309930602,55.9172365774769,0.15985
1,0.948843574730756,27.6001914614191,56.5994524596359,0.1727
1,0.94141581121065,25.7146966918481,41.7170186185118,0.16305
1,0.947992972143556,24.3194609551948,52.3211552742094,0.170925
1,0.933989532486315,25.1265000307626,53.092317612363,0.158375
1,0.942062106915746,24.3959273785005,51.5217262464983,0.16045
1,0.940270788294508,25.966841695112,47.2729795312293,0.163225
1,0.940639690491197,25.8185173489798,53.8160888513195,0.167075
1,0.950274888108344,28.0153101337805,44.4889145932682,0.17025
1,0.938739556322031,24.2113089458528,52.1091357327927,0.163875
1,0.941205874112982,25.1609835949148,57.1986440703131,0.16635
1,0.938901586335455,25.6017069785566,43.3577826955795,0.162175
1.1,0.917217467859654,20.9559902615422,37.2973123094517,0.144
1.1,0.937764899401296,22.922335951758,49.9103680697742,0.15845
1.1,0.931272790118271,22.7900009640225,44.2391945156862,0.15675
1.1,0.920614784762965,18.9231763121836,46.5943328103675,0.14775
1.1,0.929677801020129,20.9117690169717,56.4347755851143,0.153325
1.1,0.935153198507602,21.728950254364,46.8156607580384,0.15625
1.1,0.940713450279761,23.1302807637245,50.4505192420694,0.1611
1.1,0.927987670987301,23.4582783893191,49.9801183522015,0.154175
1.1,0.923187312805862,21.7576598140682,48.4187869172034,0.14785
1.1,0.920247037042232,23.6182861969317,36.6240897618109,0.14995
1.1,0.935819429325225,22.6500017498086,43.0774459220472,0.154775
1.1,0.91151411318954,19.6703968292613,52.9422309296617,0.1409
1.1,0.933167062112518,20.5948709626973,54.073964076768,0.1518
1.1,0.93967823252318,24.1983360485128,45.0471138177722,0.16405
1.1,0.935750179586608,22.9032561904612,53.7324597012603,0.156775
1.1,0.941914263006261,24.0316355363118,51.4863746811328,0.163125
1.1,0.931388885202754,22.2610545121211,57.2531358002534,0.157775
1.1,0.906765936577764,19.3142599413001,35.685697680338,0.13635
1.1,0.940884262165203,22.9952615152926,54.1566107928486,0.159525
1.1,0.940780041440639,22.0545376846891,50.624513173215,0.161
1.2,0.917360354942696,19.7310315037171,42.7358807875374,0.144025
1.2,0.885511371756783,18.6468423214763,51.6778293968696,0.126625
1.2,0.937680798690007,21.1039588490596,51.9183508671986,0.158025
1.2,0.928927306133893,20.6251453386754,47.5007514349653,0.14955
1.2,0.879938085242059,19.1911604242264,40.8646550230409,0.125075
1.2,0.905503705223686,18.9612268701903,38.3619830377511,0.13465
1.2,0.908652346296954,19.4493311576154,56.4869750894582,0.136675
1.2,0.930671283414542,20.9746325596983,55.0341273513698,0.153375
1.2,0.93155756772546,21.2626434434687,46.3619376685025,0.15125
1.2,0.934833356083837,20.5759584581303,51.7637788797674,0.1521
1.2,0.915268459931326,18.0737083424349,54.1926703199227,0.136775
1.2,0.940329571931739,21.054078363553,51.7675867835714,0.15735
1.2,0.92099825218996,19.7839787061776,41.2100112106403,0.14455
1.2,0.921860246229023,19.727753123322,59.2673158841661,0.146975
1.2,0.931654662240949,21.3803068290782,56.9363343080144,0.152175
1.2,0.910192878538166,19.3034872746902,45.5684959114474,0.1383
1.2,0.934353764457471,19.4552624623519,52.8345156140683,0.15505
1.2,0.925396113332511,20.5732409123531,51.2939024446409,0.154
1.2,0.924571154380679,17.1094526863964,47.8303359605155,0.145
1.2,0.935239996844262,20.6742358051107,50.8247598753644,0.157375
1.3,0.900059628164891,17.9379266868091,52.5313418294965,0.1335
1.3,0.87994731155789,17.4507059719472,44.4081270211109,0.119675
1.3,0.876396577788396,18.2410840495374,48.6694750231311,0.1187
1.3,0.920272582345187,18.4005001867178,46.6723123982117,0.14435
1.3,0.885426773650101,17.9244407399369,43.7081455248246,0.12665
1.3,0.851411148556345,15.0668297829259,41.2574926999364,0.10815
1.3,0.908687249305438,18.5841200719081,40.5751280917936,0.136175
1.3,0.880868000534175,17.7213253894164,58.2396169711416,0.123225
1.3,0.846444009105282,17.1391960413214,54.9419548473029,0.109325
1.3,0.9195329160932,20.5455691099641,48.5994287767896,0.147
1.3,0.89625064221093,17.4312550846982,45.3581534705428,0.1269
1.3,0.919176931583188,18.2435510835059,49.0545692728741,0.141225
1.3,0.898296175991295,15.5959206211673,41.476269919608,0.126325
1.3,0.901013353120701,17.000741464377,43.7379977598829,0.129325
1.3,0.921813929251893,19.5550094107676,54.3371440108574,0.146325
1.3,0.910026157040132,17.815169017255,52.2009331460375,0.13975
1.3,0.906045581582287,16.1314509976033,44.5238298273292,0.1341
1.3,0.920990674703535,18.9020575166135,49.3722745547208,0.143025
1.3,0.921530359887036,19.05226465363,55.7549257562147,0.146975
1.3,0.907595798732786,19.7131678019606,45.539451431044,0.1366
1.4,0.879506642297698,16.8755360101439,40.4186369241459,0.1201
1.4,0.857077027398844,15.2910725645346,31.2917099286363,0.108825
1.4,0.83748319545998,15.4809845572165,43.6166970017159,0.104325
1.4,0.890201498122702,15.9967505217953,46.3178905997803,0.12325
1.4,0.887037684566453,15.3826027880809,42.9230885887738,0.1205
1.4,0.854289660618217,16.1593638025068,31.3923362353853,0.11205
1.4,0.910919039613794,16.231505471711,41.5680807809429,0.134675
1.4,0.90788811076412,16.9365738867092,58.2611060196938,0.1306
1.4,0.904877030240221,17.5673842007883,42.7068221065862,0.13545
1.4,0.855278514108765,15.8754218205921,40.9871162843262,0.107575
1.4,0.870628772922922,16.7352561467951,36.7297504750884,0.11685
1.4,0.89243586758033,17.7318127229919,49.5786296292031,0.13355
1.4,0.861180669512417,16.042432773646,38.6944681273173,0.1146
1.4,0.893241867353846,16.8591225570269,50.7662081793924,0.1224
1.4,0.889772190903483,13.5582665551657,44.7958450070009,0.1221
1.4,0.831268361719295,16.3422003000212,49.3584628618244,0.099825
1.4,0.882046243526587,16.7219540949974,45.3727417380557,0.120825
1.4,0.878008325374844,16.1068535069178,44.3300183793578,0.125375
1.4,0.895306914672165,17.0635476897599,45.2442199874449,0.13005
1.4,0.806357392648177,13.4893633168769,50.3501834928199,0.091575
1.5,0.872167802465572,15.8468266567232,53.7458933351518,0.11835
1.5,0.871129229650379,15.5975815987806,56.9374572872638,0.113975
1.5,0.899546720041475,16.4190451645323,46.4967556265886,0.129675
1.5,0.80466862319028,13.9837033440769,45.1163197521622,0.0919
1.5,0.882078526695421,14.9266306032401,39.251289487271,0.117425
1.5,0.845759276283622,4.76366359750244,38.0408172526859,0.09885
1.5,0.858802327967623,15.1581147908942,49.2111427830434,0.10785
1.5,0.879709087326129,15.4685941654971,37.7912824154496,0.116075
1.5,0.889889747485007,15.6411400994405,43.3336749768635,0.1248
1.5,0.889255160579997,16.0953477885885,45.5188905951268,0.121825
1.5,0.87022357645407,14.970284948773,51.5744312592156,0.1108
1.5,0.889631695142143,15.0366204274499,51.8604419779056,0.121875
1.5,0.866212384568239,15.1779088890965,44.196086287267,0.11285
1.5,0.848247160092317,15.1561429461587,34.5292624379918,0.106275
1.5,0.848151009983964,14.1413229153867,34.465902866655,0.10095
1.5,0.855757962790805,15.6539403497778,47.3751871082384,0.1095
1.5,0.894720601164886,16.9297280924285,53.2317237474582,0.12985
1.5,0.755327003109348,13.6122795838632,52.5732763130247,0.0757
1.5,0.862189692075333,6.01401049695763,32.8698663293181,0.1124
1.5,0.89073263905111,13.4868418208699,43.0495177566554,0.12355
1.6,0.769773921865757,2.23432585248778,23.7179086134592,0.073525
1.6,0.879618038657482,15.7143291869565,40.6621701634836,0.118925
1.6,0.805848484681494,3.39067388503079,18.1818898550265,0.087775
1.6,0.812842557546101,13.8815866933216,27.5742035752193,0.08865
1.6,0.853189912492433,12.9583782040143,45.8673545450201,0.10135
1.6,0.818853795350059,13.3016374870187,29.7035618187494,0.091425
1.6,0.854711912112317,14.0807743502875,39.0087064407307,0.10305
1.6,0.858808638430454,4.20633182254328,35.7687020265461,0.10345
1.6,0.780835428560161,4.56479137970321,41.6038321420348,0.083425
1.6,0.808771999853811,3.65914438432844,38.3855537275384,0.08685
1.6,0.837220957644978,4.53229002084505,30.6321109357457,0.096775
1.6,0.871041178179787,14.6733306147226,49.5673862279664,0.113675
1.6,0.818106170818166,13.470255833352,30.2427993788967,0.091425
1.6,0.861454979839376,15.125225737189,34.7804527566538,0.10985
1.6,0.76611655993874,3.37644560058626,57.9703445497398,0.07995
1.6,0.897858995881686,15.0501946529793,55.3334924904049,0.124725
1.6,0.815011913375675,4.03685152147697,32.6781937618797,0.08945
1.6,0.850390096946242,15.1847834915994,36.432532508269,0.106325
1.6,0.858324349567098,14.3717150179013,44.1180417304978,0.1098
1.6,0.880618624271087,15.0489849736082,39.1348917097761,0.11715
1.7,0.799520919452543,3.79482675123463,22.4094840907313,0.08515
1.7,0.845527825295724,3.9473863487898,39.1913614091773,0.09735
1.7,0.815886887355984,3.56051309332739,21.472218436714,0.09385
1.7,0.870859737381155,5.17402129817181,48.7422023577432,0.1115
1.7,0.852537721086841,4.39767818257061,41.7038550130785,0.101175
1.7,0.832698774785749,3.38039360563004,34.1021723650572,0.089975
1.7,0.873358444609055,4.6821951224534,52.4189330622982,0.104725
1.7,0.853382880432061,4.68707840939188,36.4457190210635,0.1038
1.7,0.878094939722178,6.20827350561285,52.4973561833287,0.115125
1.7,0.86324825364774,4.74237745616181,45.9086545859737,0.106375
1.7,0.844564535655117,4.51598909817737,49.4215461554294,0.10065
1.7,0.857171196604654,3.44658222697109,35.8347748799823,0.099275
1.7,0.854303502020759,4.94734533765217,33.5403794076155,0.1092
1.7,0.788506824698282,3.18125672294407,16.8903934005539,0.08135
1.7,0.804767468271095,3.25855483786489,33.6612274132205,0.085175
1.7,0.851068829807485,4.54301539348139,40.8887599952327,0.10255
1.7,0.832461814145834,4.09767211257448,26.761763591456,0.0973
1.7,0.881357967724257,5.15453513892315,47.88413469938,0.114025
1.7,0.826447593442031,14.4018272564723,25.0703196783598,0.097825
1.7,0.850999446656101,14.9502506999655,27.7819859425396,0.1045
1.8,0.829895663994156,3.73874277655746,29.1357425049765,0.09095
1.8,0.760988167992091,2.61642071750472,21.2112620889363,0.07315
1.8,0.779628499182751,1.86506618988307,20.2900020034042,0.074425
1.8,0.767744751454324,1.45823006643824,29.3879039246095,0.06865
1.8,0.850638917626752,3.84314440445658,53.990702287487,0.099425
1.8,0.823191768468643,3.49379059553207,31.686234767149,0.09195
1.8,0.772020770650614,2.6486600891166,14.8189478359249,0.07455
1.8,0.81344345299554,2.46000324005691,29.0454276844935,0.082825
1.8,0.850634269071509,3.00061387737052,35.7635354590782,0.096225
1.8,0.780470779631966,12.7903864717456,25.7137935241431,0.073475
1.8,0.798405104351921,1.66890338001391,30.4128640896329,0.0754
1.8,0.85787411805332,4.23231934951243,44.8087002900774,0.1034
1.8,0.801563643441104,2.74941031401222,19.4766771487216,0.078975
1.8,0.765633276490697,2.67457214080539,52.7234771699716,0.075425
1.8,0.839934056627433,3.82563662893548,48.7697249470878,0.095675
1.8,0.841403056772809,3.14401512913994,43.7123803579061,0.095125
1.8,0.824482998968477,2.52457816518382,33.6506591341942,0.0871
1.8,0.830705082741326,3.86521865805914,43.4315618916225,0.09095
1.8,0.832877690656375,3.22618012846334,28.7419034304479,0.0918
1.8,0.816883134042023,3.07388462696928,53.481290590395,0.081975
1.9,0.83058670862942,2.3333486060979,38.1041229448536,0.085575
1.9,0.768991286166366,1.87606812535405,22.9326457939231,0.0691
1.9,0.862028013867547,3.72155292751737,30.6991054159323,0.098875
1.9,0.782773920627246,3.02135666677101,24.1544950255255,0.07995
1.9,0.850034765206554,3.69137110217862,39.9140351927873,0.098
1.9,0.78483679133069,11.6626697634672,29.1297109616148,0.071575
1.9,0.82035580076416,3.50194406775484,38.5573984932498,0.08925
1.9,0.795580216328785,2.44608428894818,45.5937044495106,0.079175
1.9,0.779104576020511,1.53575687854861,20.792659174283,0.0678
1.9,0.815520462388152,3.10433416245906,27.8093048013814,0.0831
1.9,0.853257219116082,3.45397363232471,32.1793155203968,0.098725
1.9,0.819889859321749,2.81696978170632,27.6123552659506,0.082575
1.9,0.799134062717069,2.74061070438228,31.8897674282553,0.080325
1.9,0.831408530410388,3.0692817560137,31.4593349404546,0.091875
1.9,0.77254257183682,2.28906664358664,25.616765035809,0.06845
1.9,0.796968164550339,11.9070870981777,32.3772773158176,0.079425
1.9,0.823256450041769,2.71437651307589,33.8003481236701,0.08445
1.9,0.76088907303596,2.35670582710502,18.3256464551461,0.070175
1.9,0.820143803105771,3.37117984209623,44.7410888927718,0.0883
1.9,0.784028574791164,3.52926227914523,20.5850547312936,0.079075
2,0.808806786051424,2.30237617101763,35.7378486125023,0.081175
2,0.577706679816041,0.703084193923777,45.8496111141956,0.026525
2,0.704631700939961,1.15648713368585,12.7842763710547,0.053475
2,0.79346369413303,2.44983069798919,35.6217816155675,0.07525
2,0.822684603360015,3.37371848689157,26.1687268910338,0.089675
2,0.752776601309848,1.67639730073686,24.0094182589556,0.0627
2,0.785664388554261,1.99637795667789,26.0236303530162,0.0755
2,0.733535811885241,2.11142639091261,25.5530115348663,0.0631
2,0.78519860459695,1.7503829671502,37.0840635524683,0.07035
2,0.795459164089278,3.0854277714122,24.7114406056639,0.08045
2,0.824843157737065,3.20646745524696,37.9625426325462,0.092775
2,0.825030408469629,2.89845945139668,44.8326504956192,0.082875
2,0.771876051580788,1.92462667047066,28.4578460863836,0.072025
2,0.782056474810011,2.01672217972701,28.9947169393932,0.0756
2,0.78022411937071,1.91949696925837,31.3088986977365,0.071025
2,0.845165691232876,3.69567754044105,39.028728881672,0.094825
2,0.733219790234885,12.5001085048436,31.7894779133807,0.060475
2,0.751581830087848,2.45500848608833,24.0737980443444,0.071025
2,0.806318574440656,2.4137371245188,33.5145448659525,0.081375
2,0.785033010775983,2.74904601910441,52.5097351434602,0.07385
2.1,0.693527705610757,0.902991130740858,8.11464032873557,0.04825
2.1,0.754339905923283,1.72307828615478,24.1211958817957,0.065875
2.1,0.768806393694213,1.76250076151784,16.2141719640605,0.065725
2.1,0.771365418275966,2.02938225018683,27.6389964581388,0.06585
2.1,0.772434056040117,2.38307748518498,56.6280460383787,0.062475
2.1,0.746772647429861,1.93269270020343,17.0834444532209,0.0625
2.1,0.777589207157147,2.15993963988758,24.0490338216614,0.073975
2.1,0.617925644038353,0.881729045218072,4.6123658226706,0.03915
2.1,0.827066015379548,3.21813406906944,46.239187767776,0.088675
2.1,0.782102868612761,2.09321591146597,25.303907529251,0.072875
2.1,0.791229929722412,2.1704084015263,27.2987759858097,0.07295
2.1,0.792465864643819,11.4945191556148,43.9820425988415,0.0692
2.1,0.66769560108126,0.68386527557683,16.9444784379295,0.0431
2.1,0.755413709138085,2.62955867742727,29.4678885495228,0.06835
2.1,0.714630685316024,1.37059141648619,23.4696565901844,0.056275
2.1,0.773107445095285,1.71933675741629,23.7604941317212,0.069575
2.1,0.807319589329151,2.8952576915296,39.4842069447276,0.0796
2.1,0.647109774558963,0.586428790545587,16.4184240223252,0.0383
2.1,0.641104960652033,0.614875612014094,8.76538477176474,0.040025
2.1,0.731051929249328,11.9860177939394,28.3846930054775,0.05435
2.2,0.733707540870676,1.33211610554399,19.7636461867877,0.060175
2.2,0.770554502288567,2.0635105955322,20.1096557929589,0.065175
2.2,0.673955312754891,1.35187581622352,27.3246323656837,0.0456
2.2,0.651811372530201,0.664264120375951,10.9904717945674,0.040525
2.2,0.774279062559751,12.857758678738,24.4716214774074,0.0679
2.2,0.67332055385201,0.703573013942155,16.4218657003468,0.04185
2.2,0.681028653760208,1.39991734740841,33.3888469253682,0.051075
2.2,0.769474084477625,1.65931967943211,19.9744056317468,0.06195
2.2,0.716392515305205,1.19616598412058,20.1160907168555,0.0532
2.2,0.76493397347648,1.47218936867188,30.731758246468,0.0684
2.2,0.856382780126604,13.5687278102587,41.3287348422753,0.0958
2.2,0.791059126918173,2.68525088843492,31.0817842887183,0.074825
2.2,0.674315088190854,1.29595761361588,13.7943396648542,0.04925
2.2,0.828174464987693,2.63669492813069,39.3332209421665,0.082075
2.2,0.749376284385948,1.43314946142277,20.6129732103534,0.0609
2.2,0.782745906817563,1.49428590797829,27.2327570162344,0.067
2.2,0.748768367674136,1.7890905441001,15.2651299680172,0.062125
2.2,0.665353565401541,0.761462392193427,20.1104596893786,0.042575
2.2,0.79658277182231,2.2639591219082,31.895958367903,0.0731
2.2,0.699771681931109,1.10950465271336,14.9487874376072,0.0479
2.3,0.751296621326003,1.32421266158298,20.8023873602891,0.060975
2.3,0.679118117386644,1.0333051963944,40.3799237168772,0.04225
2.3,0.581863638229088,0.72425300391794,5.9961972467534,0.0325
2.3,0.693071292284631,0.939381668759516,17.8432015849055,0.0477
2.3,0.713563215751973,1.84083920423058,26.5882384815294,0.055775
2.3,0.637763372896026,0.8389584411929,4.1561615527061,0.035875
2.3,0.700000898477128,1.29764370107176,12.1542885705643,0.051025
2.3,0.649421644000984,0.813990024949824,41.1915068206928,0.0372
2.3,0.723704677262446,1.76397078597016,32.7880759033176,0.0586
2.3,0.699772296610701,1.31491283333527,36.2905996710918,0.047725
2.3,0.678505496440375,0.690975309686611,12.9606068823648,0.04365
2.3,0.581407686262726,0.599485575788088,24.9668761609813,0.031475
2.3,0.750802625708357,12.5730999578183,22.0076063236593,0.06065
2.3,0.721875055012808,0.967970370466876,18.702692196483,0.05265
2.3,0.746020546023331,1.52295086743721,29.4921649819933,0.057975
2.3,0.743673666529979,1.26347332196217,17.8302526405622,0.060075
2.3,0.672071660615576,0.758907844391838,14.9461194139396,0.044175
2.3,0.65083052969966,1.09584675869961,14.9684483474455,0.04445
2.3,0.70029680073863,0.763727735744436,16.6749246801676,0.0473
2.3,0.654139013477979,0.632943389748255,14.5844766592291,0.03895
2.4,0.676248629755772,0.759034315058601,18.0342295815218,0.042825
2.4,0.613213220118669,0.408059961991152,7.34508506993851,0.030125
2.4,0.615944524449372,0.529073879725164,10.5595500646214,0.03465
2.4,0.676525870161313,1.34978041298055,8.64040691553787,0.044475
2.4,0.584166255714047,0.613550519176849,8.77126472731717,0.0337
2.4,0.685395125421189,1.87519306866232,29.3357537489555,0.052625
2.4,0.698670927870996,0.906069090787607,26.2551395993328,0.047825
2.4,0.772468424908744,1.52429597143232,20.8710134272936,0.05435
2.4,0.46915067011916,0.183700478288912,5.44408878310944,0.01835
2.4,0.703537337477475,0.707097024990148,23.2796392356437,0.04755
2.4,0.732193704795667,1.5853709135771,14.0706657218234,0.050475
2.4,0.773683379707616,1.78421096836451,19.0877736252039,0.0668
2.4,0.564024788238601,0.381940883992488,29.1476892171031,0.023225
2.4,0.465044437429331,0.150790391767329,1.47773967427746,0.01315
2.4,0.66354201399763,1.33909981268668,29.17634509804,0.045825
2.4,0.599245956864944,0.499669333921484,5.31601175010877,0.028725
2.4,0.649298323008857,0.513539661728484,17.5289858073338,0.038175
2.4,0.694253507169176,0.663153626144406,10.7062543482294,0.04275
2.4,0.779877321548346,2.19767319767721,18.4823281471707,0.0674
2.4,0.686416048623721,0.874648765822477,17.3173237019127,0.043825
2.5,0.647200620491836,0.792225161894871,25.0520228755275,0.036475
2.5,0.585279463588177,0.375737342099263,7.6824100061709,0.027225
2.5,0.51151869197196,0.22821783811263,4.62893832543514,0.020225
2.5,0.773782563552945,1.71936151241419,37.0180901926839,0.066675
2.5,0.717216095324065,0.921341768450743,22.0195845490544,0.044725
2.5,0.765571062192446,1.29104960946243,27.1641824749355,0.060425
2.5,0.689409669876292,1.25183174115103,7.02471285412408,0.042525
2.5,0.688076937513442,1.05768592327485,9.53643501103192,0.04405
2.5,0.764827439305263,1.47080605749402,27.7144813941699,0.060175
2.5,0.689670241787283,0.88003076005033,23.3391287822452,0.040675
2.5,0.680621635296201,0.691892539969613,16.8351144963065,0.04135
2.5,0.691420806410872,1.82454700235465,33.5507056834376,0.044325
2.5,0.643028476531428,0.839172818449263,21.1623095176422,0.035425
2.5,0.532965146515958,0.69219253438727,8.58919207745094,0.032575
2.5,0.745700423941428,1.87344650398699,23.5825438675047,0.059925
2.5,0.670989389256834,0.587404343688443,40.123281625225,0.03635
2.5,0.752055700380874,1.81100848885807,32.5358660250756,0.0573
2.5,0.714958965569257,1.04948039241949,21.2640300546045,0.04945
2.5,0.703083759097091,1.38717107689229,12.7241799720529,0.046425
2.5,0.73418770077269,1.30242265290454,30.6514402066941,0.0475
2.6,0.571031163299598,0.444944258928709,24.6036779322707,0.02325
2.6,0.619699128621177,0.307685992438804,12.88870434236,0.029675
2.6,0.650337330258211,0.977555986014826,33.2964291056059,0.0352
2.6,0.554527156589128,0.692125419712993,17.4969374200884,0.028
2.6,0.513182922048125,0.471017138023044,26.9304143093536,0.0161
2.6,0.660800494949852,0.731959869526881,25.1224476949479,0.034275
2.6,0.645046592213333,1.04417090495417,7.46074876243004,0.040125
2.6,0.621432805881786,0.717696204379864,7.60400789028386,0.033575
2.6,0.698919605658928,13.4270701981658,21.6618037530747,0.04745
2.6,0.622179887256586,0.947398352121946,4.55083530609684,0.0286
2.6,0.667651834957212,0.598647817279431,21.7290813934536,0.033375
2.6,0.663227366242285,0.778267947613376,20.5491419450866,0.037725
2.6,0.543646280121669,0.306867527414687,2.17305739392225,0.01855
2.6,0.70275874936831,1.01799162928163,14.9384749170525,0.04295
2.6,0.676195602356049,1.09239232039913,14.3073864969313,0.04475
2.6,0.58665131010092,0.336550304205907,3.93769376330485,0.021525
2.6,0.679661225349343,0.910159724177481,14.1517084872337,0.039775
2.6,0.686260036753691,13.6536372922305,19.6967156199081,0.040025
2.6,0.664026047020751,0.80407788745633,8.99533288713797,0.040325
2.6,0.66267714113601,0.960580469306727,12.702075322431,0.042225
2.7,0.411785571049235,0.100935153921039,10.0971320170704,0.0102
2.7,0.616789201361697,0.856728172633229,25.6000200805875,0.03265
2.7,0.640782833360321,0.833010522291828,12.5787740737577,0.033775
2.7,0.584108169635405,0.540610822770124,6.00535860269231,0.025625
2.7,0.672794836478429,1.18533970543198,11.9898965914264,0.044875
2.7,0.58767913901187,0.467668114486046,17.2005816480538,0.026225
2.7,0.542108476047725,0.353142778469707,25.5903364122384,0.019925
2.7,0.521191325327031,0.319664509249359,3.919584262911,0.0206
2.7,0.573364705332635,0.318476644736303,4.68673069495698,0.021675
2.7,0.560675990887456,0.561151834905312,22.8815237888144,0.025
2.7,0.718296277097603,1.23989660320484,27.8457768257616,0.047325
2.7,0.433621796736149,0.188954882538981,14.5712511325876,0.00905
2.7,0.63037190776556,0.563610790938508,9.66801088441984,0.03135
2.7,0.773804494678046,2.08123106225444,30.3930313302036,0.0643
2.7,0.619291767166565,0.847762304311758,25.4257270192493,0.03145
2.7,0.72871872105239,1.11686512788777,30.3276722467554,0.046725
2.7,0.57692147991719,0.440890136746873,14.3980834243284,0.025675
2.7,0.574885075933959,0.543135185318737,6.42901451185277,0.0313
2.7,0.64353466718434,0.689330847810604,8.70274343433588,0.030675
2.7,0.580007191833248,0.752162896161902,5.90231979862045,0.029575
2.8,0.599083948523091,0.341657455919648,10.0540511062835,0.027675
2.8,0.685664022419466,1.19103127156518,22.8739616524281,0.037125
2.8,0.352459002765394,0.0834077575393866,3.02185978972502,0.007575
2.8,0.705617275418147,1.02660699091671,17.4022418737669,0.045325
2.8,0.502918227624148,0.323902420055522,11.0746796825993,0.020425
2.8,0.567547349480954,0.318952734512548,6.42878502874579,0.01885
2.8,0.513923056774985,0.298366210233433,9.60877662833112,0.0218
2.8,0.726707790715264,1.12077991348324,22.9187187203841,0.0479
2.8,0.777292818953405,1.94243550780483,42.1238254775431,0.062375
2.8,0.580438665207022,18.8537219815344,6.43517516479027,0.02635
2.8,0.416563240129696,0.264337560000776,3.45201555036981,0.0148
2.8,0.588957977802514,0.60527654701926,17.5877705903471,0.030175
2.8,0.533398470577224,0.451929034225968,15.9226769353294,0.022125
2.8,0.738575083431997,1.44202555825554,18.5587923906811,0.04785
2.8,0.734064876614494,1.38112203036772,22.9862393462342,0.048175
2.8,0.725656092368881,13.6268251712878,25.4434660010913,0.044975
2.8,0.599895496907197,0.828333792000597,6.33827889621229,0.0295
2.8,0.681752945497242,1.4823787458707,29.736350617215,0.040325
2.8,0.49653414460994,0.283422980727016,4.66106491955883,0.020725
2.8,0.485574950993076,16.6434003049764,3.14383814159479,0.01425
2.9,0.41146311702099,0.0937480815775316,3.56566426956808,0.0098
2.9,0.574379772435401,0.362231710468269,8.51594647344356,0.02005
2.9,0.446536092365006,0.0823053832227898,1.14756672400092,0.005875
2.9,0.651514053506617,15.9658683054776,12.2143798075218,0.031325
2.9,0.673066923328911,0.717440109787026,14.5766610876316,0.03535
2.9,0.726239466451525,1.41537621053806,18.8867907820965,0.046975
2.9,0.640365193715435,0.849420846539928,6.35410026283061,0.03
2.9,0.686567816089478,1.06535969463387,24.2962382209018,0.041225
2.9,0.715870214575692,0.849466917759072,22.062470764936,0.0412
2.9,0.723377565242215,1.30173684777217,18.30821814095,0.0439
2.9,0.509529847734801,0.279092419580589,20.622970941377,0.0147
2.9,0.615059768966076,0.532176994326824,12.0505500469315,0.0308
2.9,0.738367603691252,1.25252893590324,28.1093278080282,0.04865
2.9,0.662399677355599,1.15506435626447,23.8325647699111,0.037975
2.9,0.602364295626696,0.67229633840471,13.846191835433,0.030225
2.9,0.634242023424211,0.727345938212496,19.1309176696071,0.02945
2.9,0.624495486776217,0.5601758666909,18.0969432928253,0.0267
2.9,0.600042728789693,0.393206855343058,5.87305538440652,0.026625
2.9,0.68251723539195,1.11743621484095,18.3533476771514,0.039575
2.9,0.47331290504139,0.292762975445814,7.9684435205404,0.016175
3,0.74799304171473,2.21846771877984,18.5068259700779,0.05135
3,0.554739851950621,0.489933877083418,3.99055620043909,0.0226
3,0.672065407144048,0.906104051608481,18.2300590056577,0.033
3,0.546054791563884,0.466971500515053,30.876458131626,0.01705
3,0.684910104283714,1.2482637170602,17.33041245295,0.0356
3,0.642237152432122,0.613453944187111,15.8454182727418,0.031375
3,0.704161289156095,1.3311395957106,15.4574758517356,0.0434
3,0.619531320063459,18.5048559277565,9.6421742832351,0.026575
3,0.621647698256712,0.937071641777453,10.2727414017091,0.03295
3,0.594094039949586,0.527617827604616,10.5832048196218,0.020875
3,0.661126662785311,0.575490516056005,14.065557542385,0.029475
3,0.697215821548289,0.986797111507849,26.9921534765445,0.041925
3,0.5451257439894,0.384226380981332,9.89364258787397,0.01775
3,0.515468401027972,0.324898017521207,34.5790218779693,0.0113
3,0.571219305655269,0.515452799919477,25.9899097628247,0.020225
3,0.472464896905251,0.192169388566679,2.27944487744774,0.01205
3,0.44335986518452,0.290982315775811,8.28206562339597,0.01565
3,0.569765460619641,0.780081417429178,6.13343933052002,0.0276
3,0.660685031557714,0.805256672017014,20.6817674835616,0.032825
3,0.546975018438487,18.6457786436135,6.98391219341856,0.01805
3.1,0.519686425575736,0.235025200646159,3.56770062512913,0.01525
3.1,0.636438067353576,0.655145603902633,15.1870888353764,0.029325
3.1,0.541752860541926,0.277477628451649,12.2380519000543,0.0186
3.1,0.557456569206756,0.348503093347705,8.11637843660975,0.0204
3.1,0.615183508626811,17.9123418339853,12.0201833717369,0.024975
3.1,0.542970953409195,0.381274962732779,5.45485314220888,0.0204
3.1,0.588398115053982,0.390260236875243,6.73888328488873,0.0206
3.1,0.580523629015289,0.510342621261134,20.7286658726214,0.019725
3.1,0.633409216673469,0.505211186590402,11.1337773851645,0.026425
3.1,0.507042075648672,0.348000350517394,13.7939877915667,0.0163
3.1,0.677760553129441,1.09966133731577,14.9972522337154,0.03195
3.1,0.588598202148892,0.349579349519988,15.1434691700361,0.02065
3.1,0.47064737084029,0.175354807185474,3.9384384349754,0.014325
3.1,0.571061704032069,0.36087760180519,5.36733231683085,0.0197
3.1,0.604743032319905,0.723047216940298,5.00508979353566,0.027625
3.1,0.588712401426061,0.449405605859073,8.2333630049575,0.022025
3.1,0.702795692704415,0.660438121913802,19.0546873672187,0.03695
3.1,0.538432647163038,0.342824798421003,8.3335760114826,0.017975
3.1,0.570908863951852,0.49853621510312,3.18353814117226,0.020625
3.1,0.638838444648891,15.8273589622609,18.5983984595337,0.0302
3.2,0.576581479354701,0.249127803984618,13.1706042948316,0.0129
3.2,0.623058928046441,0.703524522389698,10.6486583774767,0.024425
3.2,0.660050414681862,0.877850957033673,24.2769161897317,0.0285
3.2,0.612523707204209,0.62126894895923,9.32621980905414,0.027225
3.2,0.520380479594031,25.6123820225761,5.66978234732977,0.013325
3.2,0.686981463003232,0.572518778471696,12.095712869251,0.0305
3.2,0.527779327416499,0.383109771744298,3.45910789480204,0.016075
3.2,0.50481894409429,0.401612290597088,3.05834014060363,0.015175
3.2,0.548150887718147,0.293783197881553,4.04100915302833,0.01525
3.2,0.565297673510421,16.5787931929681,8.06952497214084,0.022625
3.2,0.501476431779125,0.358017911482144,18.159556004933,0.0092
3.2,0.607278028359821,16.7329053003886,10.9832265345236,0.025825
3.2,0.579484718278313,0.43768984359249,6.04588127291133,0.02375
3.2,0.578658102348,0.419941565221255,19.3069873217291,0.019825
3.2,0.595706916062125,0.642892279906695,8.09796933942335,0.024825
3.2,0.565683730989317,0.341843871568346,12.2447670947576,0.0214
3.2,0.59310778005569,17.0520922743932,9.93225046309441,0.02655
3.2,0.373474649002308,0.104882757598103,2.13517374264624,0.008775
3.2,0.701998108928532,0.999123914926216,22.8610098556519,0.034325
3.2,0.518716747470215,18.9691774002297,8.12322089001183,0.01425
3.3,0.716398176541057,15.354258945666,14.3874513101113,0.035975
3.3,0.542940452147231,0.448569452565549,3.80667212633324,0.020275
3.3,0.663606571564459,1.02801967269794,13.6358441884336,0.026925
3.3,0.548790276761569,0.314288397327406,8.76195649849055,0.0175
3.3,0.632704942875282,0.569105385131628,5.12163730037975,0.025275
3.3,0.388790581286911,0.128685694270987,3.63531105811737,0.007875
3.3,0.413695412604999,0.147038091816585,4.26441427788082,0.0101
3.3,0.314018817550047,0.0870619103396796,3.58611176391315,0.005225
3.3,0.631770033092673,0.590546264758294,7.06747678635529,0.02575
3.3,0.547754616004423,0.655948980890812,8.80023851495056,0.017925
3.3,0.607998361327276,0.639796513859915,6.65534301799761,0.0239
3.3,0.632641093196891,0.498620725101103,25.6956666356771,0.022175
3.3,0.626041792811364,0.495115304192125,7.52493669412816,0.0239
3.3,0.586825466927702,0.598486637497482,10.978205436903,0.025225
3.3,0.635957776561216,0.65679301987067,6.07028982298575,0.0252
3.3,0.62935127421583,0.520199821214992,8.65046501459831,0.022525
3.3,0.554515945383145,0.509770455266473,5.83859214611003,0.01695
3.3,0.649966877449481,0.964650185595397,6.97673823565331,0.03125
3.3,0.632791665358732,0.473390501803078,15.5553545061218,0.026225
3.3,0.489828100415974,0.221206577529187,10.3721327981319,0.01265
3.4,0.642189624992451,0.77634290783126,14.0963608652504,0.028825
3.4,0.723917741811751,13.46604369842,17.9160873356351,0.039375
3.4,0.698889655842812,0.606561420990545,23.6274592306485,0.03035
3.4,0.561981131246273,0.269668449052529,3.40116093514802,0.013
3.4,0.565530806750518,0.454806774602179,11.9081794258398,0.018425
3.4,0.484491251933961,19.2668917980642,3.38098567811517,0.016975
3.4,0.471047537490248,0.157764771395085,2.32397301585396,0.010525
3.4,0.609990805612943,0.841993214561086,29.3649654268069,0.019725
3.4,0.595349780722309,0.570220009830931,16.5523287727804,0.022075
3.4,0.685093859179021,0.796493927987582,17.6109530316648,0.027825
3.4,0.460507979337448,0.404508036960249,5.02522269195727,0.01415
3.4,0.520052129064348,0.47487546623661,2.97921223750483,0.01705
3.4,0.544947132209959,0.31546872516845,6.09928895777306,0.01845
3.4,0.488638128009393,0.220744398906837,8.02669405554367,0.0119
3.4,0.53998273670121,0.391736733547967,7.92754502079963,0.019325
3.4,0.477400715564385,0.365739316207547,1.69932466719851,0.011325
3.4,0.655738574096328,0.800767192912194,16.8325202926336,0.03065
3.4,0.545261794345834,0.61701832720101,14.778178788038,0.0142
3.4,0.419727265246964,26.4346268581252,1.77765146396026,0.010525
3.4,0.53640970137273,0.279362992516547,5.77681266954851,0.014075
3.5,0.426514538577477,0.131484149853639,4.58970799600961,0.00895
3.5,0.348099213781639,0.0934315025272965,5.86648875089634,0.003475
3.5,0.46491846938372,0.18885573173949,10.3842855886022,0.0104
3.5,0.713382848452228,1.25485511509978,11.9315034301903,0.03285
3.5,0.555856642258181,0.487958335232856,13.2303431012624,0.020225
3.5,0.457524926221923,0.257891983623072,1.78695801286146,0.009475
3.5,0.527419754365716,0.222258484856786,2.6991449956501,0.0108
3.5,0.397349795323503,0.126855830720924,3.95026680694831,0.00915
3.5,0.475861413923048,0.251466658230165,3.49723437309803,0.0095
3.5,0.74642160717929,1.4616235505834,23.5075323578188,0.04265
3.5,0.526787632562518,0.32391252930503,3.40348752452357,0.0135
3.5,0.400967546392278,0.106847660267088,3.6548117758243,0.00675
3.5,0.646579223460632,19.3678970819002,18.8792192106733,0.023975
3.5,0.275480825972617,0.0543222325723673,1.41070843006967,0.002725
3.5,0.719748634790331,0.980951867051681,16.4149245772664,0.03185
3.5,0.470813489077583,0.33139929403823,8.72597687457265,0.012375
3.5,0.720489784679821,17.290238792119,16.5707770228001,0.031175
3.5,0.558218370394568,0.370501442053509,5.04361462997607,0.01935
3.5,0.37103644342491,0.0615544746755454,3.75722408317828,0.006375
3.5,0.442627078941753,0.178399408951367,2.02206339377101,0.0121
3.6,0.42858931903351,0.0882719562875502,5.5048884457886,0.007825
3.6,0.639141631131848,0.58780983349254,12.4219298802554,0.025525
3.6,0.50515547103848,25.1687541744673,6.31378180487947,0.01165
3.6,0.505639141493987,0.434521629374472,4.18408649187758,0.0159
3.6,0.696988585811666,18.4247350037091,14.1504728781161,0.03345
3.6,0.541796734639015,0.286185293354783,9.64556405675405,0.01425
3.6,0.486877760238621,0.329003689933956,3.63658874420066,0.009775
3.6,0.470372373361295,0.238237704539693,6.70199096107964,0.010475
3.6,0.559590729813197,0.573647910249453,6.59665049565155,0.01845
3.6,0.421353950605286,0.175615491364633,6.3096731584405,0.007475
3.6,0.367551675604282,0.0793657848120997,2.51941547018987,0.004
3.6,0.413041135744372,0.169496425846562,2.73507167146545,0.009375
3.6,0.506495309551498,0.288544197325575,10.1296773900516,0.014025
3.6,0.525691245246596,16.0664211183274,13.2781234564013,0.014525
3.6,0.454773334494108,0.159494173990983,3.23180468666384,0.008075
3.6,0.501391681429291,0.194873959578364,14.1016918471846,0.010375
3.6,0.565772657629827,0.542952868617195,10.9130041429623,0.017725
3.6,0.463960855865746,0.544549339530172,2.67717434118933,0.014575
3.6,0.549992898387023,0.457359610664847,7.15082235480642,0.015075
3.6,0.479730654774951,0.473851149047068,2.6034439375779,0.00985
3.7,0.514558366201082,0.204922260799394,2.55172254752785,0.00855
3.7,0.47002833694739,0.36615293791874,10.219885520314,0.01095
3.7,0.586424299553666,0.47317067060543,10.6499175564586,0.0149
3.7,0.474110869416281,0.169213067883207,1.32290532804793,0.005625
3.7,0.641757476960439,0.976493364229586,6.30881860665989,0.02485
3.7,0.542556043470257,0.774252147884788,2.98583008565961,0.016225
3.7,0.515601495226494,0.575103378468581,3.72543044791801,0.016025
3.7,0.576285926441173,0.69501305828665,8.05153424390276,0.0205
3.7,0.557489507501775,0.511153294952353,9.63833005702295,0.016375
3.7,0.591968949439676,0.390219211586147,15.2141885475832,0.016175
3.7,0.521586069401604,0.172109812958479,6.05897687880123,0.01095
3.7,0.508250906756532,0.488065825942698,8.4261908683016,0.00965
3.7,0.428560152958693,0.272437473680752,1.03901076704792,0.00335
3.7,0.477823622821391,0.356468811138636,10.6187997112585,0.010475
3.7,0.546471676839894,0.351590915144812,5.78002205453783,0.017225
3.7,0.370099927101898,0.270506398926966,2.08350428807895,0.0071
3.7,0.486752949378073,0.148879081403223,2.69955519009972,0.008575
3.7,0.480575272497731,0.174402906349906,1.29973020286588,0.006875
3.7,0.676747490910976,1.17108402549427,10.4856797249102,0.029975
3.7,0.57546584500829,0.835765986896536,13.2462100383775,0.021725
3.8,0.545102772157801,0.598621272911994,4.17352175993739,0.01755
3.8,0.585493866519297,0.515669101436936,6.90610435147228,0.017375
3.8,0.522693616552448,0.282907520746633,8.09794324420737,0.01085
3.8,0.55500225540308,0.518250433874006,9.1684178840648,0.01755
3.8,0.512616551141044,0.353532680537843,10.6320636153112,0.0094
3.8,0.61441870688846,24.0685577865559,10.1827500636144,0.016425
3.8,0.520106902161398,0.354830225550698,4.6098235763112,0.0097
3.8,0.373374953097405,0.203729393595078,1.33097655048375,0.0035
3.8,0.51544075518942,0.444338407015552,4.80448715554965,0.01155
3.8,0.541228766702665,0.282742806212072,5.10510735737542,0.011525
3.8,0.680458689888505,0.796832183841843,8.59499492847584,0.027075
3.8,0.393580878513139,0.0889890379081452,1.25938515406502,0.0047
3.8,0.42637108740453,0.160679023585694,3.14777184955365,0.010175
3.8,0.600178766380937,0.625822390667063,5.70265610918034,0.018425
3.8,0.453819606489405,0.169651369565612,2.4169446069293,0.00595
3.8,0.431292626556878,0.223938277067875,2.14169873289438,0.00625
3.8,0.597271834691624,0.600561916902741,12.1310247343388,0.014075
3.8,0.377748870195908,0.243175945079715,1.42167611046037,0.007
3.8,0.699679954311881,1.56915300379755,14.4022532773173,0.031925
3.8,0.474422613309387,0.184030692884049,8.57238199844597,0.0094
3.9,0.534501248835551,0.203938262685944,11.7296082052302,0.0122
3.9,0.422769943603714,0.220123171707025,2.72352205028912,0.0086
3.9,0.418077493069431,0.164443238648188,8.7893740515404,0.00375
3.9,0.429900935547511,0.120924205891977,1.53835702140796,0.0077
3.9,0.476757062171089,0.29517829935442,5.60739417584023,0.008
3.9,0.542941707716614,0.443161395511656,3.41049389867446,0.012825
3.9,0.446250443064169,0.240671595939618,9.41232236258092,0.007625
3.9,0.586529388391633,0.60241383260702,8.64836413974113,0.0184
3.9,0.437411184362033,0.183368331346097,4.25204070422718,0.00965
3.9,0.458995372381296,0.329945691124313,4.70282270057546,0.006925
3.9,0.501675041641935,0.188654987892975,4.84440920151102,0.009675
3.9,0.586237325521194,0.701937487985588,9.82726108711891,0.022
3.9,0.4550829154498,0.401473719753331,5.07060585487094,0.007275
3.9,0.541027296859186,31.9301932153223,2.73354209311042,0.013525
3.9,0.562146654416371,0.419706632767736,11.3455545208198,0.015025
3.9,0.622857001660956,0.864888094585875,14.5430401449133,0.020775
3.9,0.547147802092446,0.77253380018404,5.2746906368178,0.018775
3.9,0.514949314334992,0.271965792699612,5.58408683739962,0.010325
3.9,0.470491788661144,0.454842921964105,1.50609153954288,0.0091
3.9,0.60927780657009,0.633116331017332,12.7739485535568,0.013575
4,0.630505384189624,0.624538724251646,5.94533653489723,0.01525
4,0.548010123176304,0.435101688627639,3.31965802940135,0.011075
4,0.558140000401662,0.392316092163332,4.85492601730056,0.014525
4,0.583166354664284,23.2940549999636,6.55900029590635,0.017225
4,0.496172435470355,0.437546755554525,2.54786758804412,0.010175
4,0.434129154045613,0.250865011318183,1.87362090788266,0.00675
4,0.517703055229261,11.9520265999779,7.74270211232028,0.011975
4,0.475047357731296,0.248307580872614,4.62362490400941,0.0091
4,0.496190069763809,0.462172257809149,23.0634694440844,0.00865
4,0.459602718187377,0.301008979918596,1.60814154732169,0.009475
4,0.574726939062403,0.510531391892852,10.4361396137527,0.018
4,0.54544574171993,0.326614323669331,8.59462865205025,0.014275
4,0.497237902935347,0.560275044853482,5.43973990191737,0.011375
4,0.546669888969355,0.639979902141425,3.38009124041065,0.014475
4,0.538125549338771,30.5444620063844,3.76074215409873,0.010425
4,0.406730289482654,0.161826100416231,2.69152973000392,0.005475
4,0.448720886249243,0.254495823890125,3.95625582218892,0.006825
4,0.428461860374019,0.354481691447145,1.41087701413617,0.005175
4,0.6025191063823,0.783772716469166,11.0741439680508,0.017625
4,0.568484973968542,0.564352347404246,6.52728706723579,0.017275
4.1,0.422741850735728,0.174398806053653,2.75460722807259,0.005775
4.1,0.570800654322475,0.589209257213323,15.6310165340549,0.012275
4.1,0.634457529124258,0.847915180680435,13.3686452568384,0.024925
4.1,0.393450494626117,0.280870820629848,1.60857578252392,0.004675
4.1,0.595977233839943,0.622954147646332,8.41706905512526,0.01555
4.1,0.469196094285118,0.279217323604037,14.8182660987031,0.0047
4.1,0.33911434925283,0.141827833087758,3.31600865087056,0.001475
4.1,0.564498298511951,12.4952675701147,6.47002205554296,0.014825
4.1,0.34959326102758,0.105596562990233,1.72538591523212,0.004675
4.1,0.421334598609855,0.116771667173455,4.27933146920182,0.00595
4.1,0.476287281192402,0.258246550404218,3.80772017469277,0.0092
4.1,0.422724252003602,0.174518464507005,6.70596467574263,0.006525
4.1,0.584688927081131,0.543519777838769,18.2817381840823,0.018625
4.1,0.501944349331462,0.581338668715731,4.81533097000217,0.01165
4.1,0.446573580567138,0.223450557539008,4.23649158389061,0.00805
4.1,0.619868315619146,0.723111227156842,3.64910304494022,0.012625
4.1,0.423462423188185,0.180318416622662,6.54948821718127,0.00925
4.1,0.44005404372964,0.274579677840986,6.08030408972592,0.011075
4.1,0.558342676134216,0.361778552632668,9.06585687652596,0.01155
4.1,0.403900684728103,0.189430616310433,3.24886546470749,0.006925
4.2,0.491068660481013,0.296258915042511,3.39580167318996,0.010225
4.2,0.536213056301535,0.489161842288611,7.66442336011829,0.0093
4.2,0.591168582860109,0.656347399233623,10.8110109254659,0.012425
4.2,0.432190933696033,0.230616103351053,4.31865525018841,0.0067
4.2,0.34001263373035,0.0999913348220177,1.07449471432432,0.0029
4.2,0.563972067707382,0.734748708852274,8.1835196713861,0.012425
4.2,0.576401599456592,0.668142522707714,5.24785886045808,0.0177
4.2,0.477961469155771,0.297275319599894,1.28235474709701,0.005075
4.2,0.537153365353259,0.479761905340972,11.836635206448,0.0143
4.2,0.539849857211164,0.301657239423832,6.85282141794812,0.0127
4.2,0.551434733944545,0.570342291877925,8.31825092739505,0.010225
4.2,0.528202168774897,0.444665715529009,5.81311883686203,0.0119
4.2,0.420427130543052,0.246724030219987,4.65869067278433,0.007225
4.2,0.378739212058368,0.108539124689491,4.4857990976237,0.0056
4.2,0.381833628709476,0.22965017654914,1.49866908050966,0.0053
4.2,0.566949492608363,0.472151513694373,8.416792834598,0.012225
4.2,0.543873179530862,0.636429815670368,10.8741897869117,0.0094
4.2,0.391677011963924,0.0649025745276188,4.02752311674123,0.006625
4.2,0.475182560002421,0.493416649485327,8.45766367787951,0.011425
4.2,0.531348474108128,0.435613012566397,3.57580041305155,0.010925
4.3,0.412102195188059,0.194474915953159,1.21438421865075,0.003575
4.3,0.433121549645762,0.342611569020894,4.07116886516967,0.005175
4.3,0.417608827495738,0.242638951574441,5.69513428058886,0.0047
4.3,0.486785654565824,0.405116028465302,6.01547012555852,0.008675
4.3,0.345161048031512,0.115283757271503,2.98538503484425,0.003025
4.3,0.288935849734798,0.193606860987175,2.45388033581939,0.001625
4.3,0.461634372625567,0.376745221156049,2.1903826750848,0.0061
4.3,0.528926018716624,0.385021752242023,6.64119111083281,0.0092
4.3,0.508269247628169,0.514855554381509,6.35023407052881,0.010625
4.3,0.445533141522063,0.175626918321517,5.26107279742496,0.00555
4.3,0.575686709507601,0.813676706635392,7.11886064861306,0.01075
4.3,0.586228211991466,0.572483036110165,6.64703508746539,0.0132
4.3,0.391708534418878,0.193689474643656,3.68543172258017,0.00595
4.3,0.315288328367983,0.0712987179585022,2.59811107277989,0.00295
4.3,0.564762755889268,0.583775027093839,5.29838497423797,0.01275
4.3,0.403668216395749,0.19888691564568,2.63507629112544,0.005275
4.3,0.385063914665169,0.130975321818638,3.77880664954592,0.004725
4.3,0.512065507544681,0.484435584416832,3.74583909772979,0.007075
4.3,0.540744417360898,0.478440764340844,6.67232187262343,0.0165
4.3,0.52399265135708,0.627792694511954,12.3569677949143,0.013225
4.4,0.531987160471742,0.873719752828159,2.53848954753037,0.007
4.4,0.557380834278541,0.562253362611205,5.1921384779252,0.013125
4.4,0.342653994113348,0.0966768850547673,1.61911278434218,0.003375
4.4,0.50635954354958,0.319311119149768,5.95422021790561,0.0054
4.4,0.568314910570714,1.19625307203238,4.6062148690409,0.010625
4.4,0.38934416935038,0.126121873905032,3.142011570513,0.005225
4.4,0.393656378274924,0.150817216538371,3.76590273059085,0.00285
4.4,0.488502784985522,0.448467119005788,2.16565606041151,0.00955
4.4,0.299075257750234,0.0738824166239255,1.95326530527204,0.0028
4.4,0.324346610333169,0.0770868849472258,2.00661510683542,0.004875
4.4,0.458520858664031,0.28241875155356,2.54592038371263,0.0075
4.4,0.421649855347342,0.192673349131707,2.64843799486266,0.00625
4.4,0.398337049880178,0.150076664599876,4.47464919915863,0.004425
4.4,0.3971578180874,0.128063225221215,1.53381783746971,0.003475
4.4,0.495425900466453,0.513352359511793,3.45678687713956,0.00615
4.4,0.42709553901959,27.719173361973,5.06338587190195,0.0046
4.4,0.509213312901739,0.393108473588308,3.62201807976353,0.01225
4.4,0.567706032115104,32.068710117181,5.53053380605259,0.01065
4.4,0.373629252023651,0.141271305980847,2.57285586339609,0.0055
4.4,0.442682634178237,0.381731170317495,1.08722104508333,0.002975
4.5,0.371948563606102,0.269794135504757,4.58441066215016,0.002975
4.5,0.55707625178353,0.795434514106412,10.5462910859482,0.0116
4.5,0.504173784001499,21.7192517766492,9.94808010696374,0.006025
4.5,0.651582892886526,1.21678136525575,8.71763876264914,0.016175
4.5,0.355210095054909,0.0817544673570594,1.11723511735699,0.00295
4.5,0.656754786359147,0.943032386663864,12.8731862538865,0.019175
4.5,0.354215878767163,0.189798059628963,3.506980729798,0.004375
4.5,0.486435377834486,0.681915526788825,2.05028124355464,0.0077
4.5,0.504533550007187,0.195578584073829,4.90864987470112,0.006925
4.5,0.413844359632293,0.151175451009692,3.78163902000616,0.005125
4.5,0.465796636569313,0.21267879562672,4.07536042094512,0.006925
4.5,0.381344382322077,0.252328298090121,1.89604378837468,0.0038
4.5,0.527883789495293,0.328454385244277,11.5189196353848,0.011025
4.5,0.501235789381282,0.323607272633562,4.50112631598158,0.0055
4.5,0.427699889568127,0.304968375732733,3.23281194721071,0.0064
4.5,0.40646049420748,0.30321173971901,1.0147055029198,0.001725
4.5,0.42812778722354,0.389490286593727,4.55297302424236,0.005775
4.5,0.55521448526678,0.584113829729627,7.22970417426748,0.0115
4.5,0.531334385933292,0.624985240152933,2.34540795411899,0.0092
4.5,0.449492467524445,0.704182672434116,2.9638663323869,0.0018
4.6,0.394795400444819,0.42504142063307,1.80898465534725,0.00295
4.6,0.420278007502904,0.430219655803118,3.01340165362059,0.003775
4.6,0.497889834306883,0.482172371657114,14.9637864727534,0.0071
4.6,0.550980945836038,0.717656871898243,5.11234989997308,0.013675
4.6,0.486911369698085,0.398676493087849,3.9104150584024,0.0057
4.6,0.516629575121771,0.60323093089047,5.35763453013606,0.005775
4.6,0.617710063189493,0.720630145430276,7.11713987436813,0.01385
4.6,0.5129564933535,0.602501507074639,6.97305649404531,0.0071
4.6,0.222102197443159,0.781671514538136,1.18889849958003,0.000825
4.6,0.479050341621402,0.412262996689738,3.6459710028594,0.00705
4.6,0.491334608840121,0.347742009642533,2.34602332060956,0.007175
4.6,0.485735914857349,0.449214510791851,6.95968605279904,0.011625
4.6,0.318778352255856,0.0547821656848351,1.40401776777667,0.002125
4.6,0.389548700916564,0.14485637804708,1.30072032975475,0.0037
4.6,0.581067707728635,0.498149181758194,4.07902219885982,0.0117
4.6,0.435828888729807,0.0854896712181717,1.76487085994394,0.0063
4.6,0.397941639831148,0.166206523325051,3.44192869441436,0.005175
4.6,0.526172009118369,0.464807142840911,3.49657031178478,0.008275
4.6,0.656275777129603,1.12808019611324,10.3278591956906,0.01735
4.6,0.533928993958459,0.315825816025676,6.51257405593274,0.008825
4.7,0.410960042183948,0.577522613168813,4.33792204109641,0.00355
4.7,0.609471788121647,0.983906353984772,8.89769927916151,0.013075
4.7,0.407005667427136,0.460909495192957,1.56440067990549,0.0038
4.7,0.445938581298222,25.4870839253793,3.14576081471893,0.0074
4.7,0.548423065280087,0.608077988356411,4.26819517600652,0.00865
4.7,0.500624380408769,0.298314850575838,2.08287544733511,0.00485
4.7,0.42170392743926,0.636600480425329,1.28391492171374,0.0032
4.7,0.543884936529718,0.531181304202309,3.66142026950287,0.00665
4.7,0.591726932617056,1.07359272015363,8.73542744687158,0.01295
4.7,0.595578055989873,0.818469375656608,9.93861358015281,0.011075
4.7,0.495835935700454,0.440523541408149,3.59191237877453,0.005525
4.7,0.484381930839926,0.269764456796255,5.13168817876047,0.006625
4.7,0.444388323832036,0.175866560353138,6.11185181891407,0.005975
4.7,0.551778463916633,0.434311433229686,11.9290559309508,0.010425
4.7,0.59196826024813,1.32902518569367,5.84896490555984,0.014525
4.7,0.383192560047714,0.252564960404984,1.32026664156899,0.0021
4.7,0.48748957134243,0.470746725742563,7.20031591004529,0.00645
4.7,0.557424995760874,0.539155971489967,10.1414978161728,0.012325
4.7,0.278375698372832,0.0737595908977831,1.99123048913705,0.0038
4.7,0.347373713151976,0.302597434911131,1.341843941005,0.003425
4.8,0.425343944484808,0.267769006132071,5.94720199950905,0.00305
4.8,0.474332766105692,0.148031006283528,2.19633553582232,0.007825
4.8,0.406765279734431,0.127860306475503,1.03122749417874,0.001175
4.8,0.511355041874674,0.666275275721038,5.82949793717308,0.011475
4.8,0.466867208418697,1.21330600863035,12.0032611857405,0.002675
4.8,0.393375690872651,0.150447002373515,3.12088282169382,0.0034
4.8,0.513741800665332,0.630563538708742,10.6372514334909,0.007825
4.8,0.36429250229666,0.208472836657272,5.61263338856284,0.0028
4.8,0.532098376008345,0.515754386553779,3.86220421869578,0.00665
4.8,0.426993023067056,0.260547102801166,1.21344312801921,0.00265
4.8,0.550582169161187,30.0460348802509,5.62297349570635,0.010625
4.8,0.412300309749743,0.213101312019158,2.2246248325401,0.001825
4.8,0.506592091235484,0.227749961036003,6.18032233878874,0.00875
4.8,0.551566806560007,0.404350523493868,5.80002428467695,0.008525
4.8,0.451042642333534,0.693007326819979,2.05852633197292,0.00605
4.8,0.441767884041685,0.368721687016517,3.5730311029006,0.0048
4.8,0.423648941346548,0.525245666520969,1.97415867644614,0.008925
4.8,0.511488399603582,0.285082895812868,5.26089206340282,0.0086
4.8,0.525753100717865,0.731534323298561,8.90058613579475,0.009375
4.8,0.42716194710318,0.297353656881798,1.1618949976215,0.002275
4.9,0.399321375566369,0.190593678926899,1.14794145678269,0.003225
4.9,0.40412102645867,0.148280830130239,1.03885514588068,0.002725
4.9,0.432181292729538,0.262467658630416,7.92657565953104,0.0042
4.9,0.503998581850849,0.622538120822897,5.61033965343927,0.01055
4.9,0.38133445619611,0.287303430083938,1.65560943203778,0.001125
4.9,0.397425025873246,0.285838811088393,1.95922965531777,0.004525
4.9,0.5962628516503,0.698209914514133,14.7269431114854,0.0147
4.9,0.441897295010959,0.131998349773105,6.11032874125217,0.006175
4.9,0.547896606271386,0.656844046642389,6.93139440483594,0.01085
4.9,0.422855079892208,0.310095286450232,2.11544973771767,0.003175
4.9,0.382695040820704,0.18166643796063,3.40316692639551,0.00275
4.9,0.473246862597246,0.544942317377205,3.93328857556898,0.00635
4.9,0.42579600068468,0.0540368770029804,7.18996113987679,0.0016
4.9,0.426016360707227,0.32794014490195,3.68974063923709,0.00445
4.9,0.495930628160224,0.374378200903859,8.10898114922354,0.007975
4.9,0.362533084574156,0.20934856952598,1.21713366805686,0.003475
4.9,0.597263135292644,34.3602327429526,6.26234617706061,0.010725
4.9,0.409818282110741,0.117888270573355,4.74282638397563,0.0038
4.9,0.362515697676258,0.144205151972453,2.69866046724694,0.003525
4.9,0.484629814776698,0.421562590978552,6.1452582818251,0.004675
5,0.43351185629304,0.258162896884593,5.10421490584059,0.0049
5,0.288667274948902,0.0586141520132713,2.23599579647072,0.00145
5,0.358707733748733,0.263624527011436,3.67664973573331,0.004225
5,0.437329310546067,0.547080613702353,1.80571494590298,0.004875
5,0.569587659431536,1.10428298552041,3.01735511364988,0.0095
5,0.612146599197789,0.607499767211001,5.25682594382846,0.013375
5,0.399862057069965,0.349509822476632,3.55713827195357,0.0054
5,0.472137219870099,0.686798199079828,4.04210641805012,0.005875
5,0.47930219514072,0.276422182663919,1.30483940650765,0.004825
5,0.328093770205565,0.483584394335663,1.01529560259225,0.00085
5,0.381169253783505,0.339412843462392,5.65840996682799,0.0025
5,0.420623861095284,0.157117593658703,5.51208780080286,0.004075
5,0.557415130832184,0.676016526270685,9.46966398890557,0.01085
5,0.467472835888858,0.295134788052958,3.49021295966819,0.00435
5,0.358390352994774,0.421638820278929,3.78901595492099,0.0015
5,0.600334933211182,1.07843833321347,9.05090044557186,0.00905
5,0.537867297323195,0.477767893549512,2.48617072105251,0.0067
5,0.524172032420031,0.624378585302241,4.02767714963679,0.0065
5,0.496195265329312,0.274625618774504,5.68398192914467,0.008525
5,0.372210603226173,0.164703901080228,2.23607340118846,0.00345
5.1,0.34572642778389,0.0703170326003908,1.81605911724786,0.0035
5.1,0.440318620880257,0.256927843640845,3.46961260458598,0.0046
5.1,0.608073870593728,0.957795015161511,6.93653554535114,0.01195
5.1,0.521486346281567,0.440196595328624,2.6551081121918,0.005425
5.1,0.44312263730881,1.11476877732958,1.12918491123557,0.00315
5.1,0.554679509393991,0.880969479267284,4.98082242996384,0.009375
5.1,0.493317258691901,0.35344946449487,2.85585658132412,0.00425
5.1,0.425103190946473,0.280379808208428,5.10080968388238,0.00615
5.1,0.589200701505262,0.976463345906051,12.7436157472132,0.0087
5.1,0.4193642319888,0.184745766174819,1.77937917388951,0.003075
5.1,0.561029546101411,0.682343375505314,3.60124848698903,0.00735
5.1,0.450011246494983,0.364078863114784,4.08300342727059,0.003575
5.1,0.376786332763188,0.241003543243742,2.48098640933359,0.002425
5.1,0.35079056909244,0.168424007091398,1.46711018289273,0.00265
5.1,0.452310099894328,0.645203972966786,7.06306298635895,0.003225
5.1,0.563845293504377,0.739902216852453,7.11527144933229,0.01015
5.1,0.292768014912707,0.201761610244065,1.98701474209822,0.002175
5.1,0.502881455972635,0.505888081610743,3.38677138483455,0.00785
5.1,0.632941327982048,1.17313173292497,5.26884614252295,0.00955
5.1,0.42953958226804,0.620799462616189,6.29780254789513,0.004125
5.2,0.470533346853396,0.593361974495604,13.5462637566267,0.003775
5.2,0.442329215761916,0.870474502499057,3.79936210537959,0.0033
5.2,0.282860870335127,0.0998017061433992,1.05982586600053,0.001075
5.2,0.336533056107262,0.268650365502605,1.03308380052255,0.00185
5.2,0.339032395664165,38.2199420582011,3.8435615701356,0.0027
5.2,0.347469452187286,0.273569522250044,1.89669969259964,0.00235
5.2,0.563802244480335,0.925443882911341,4.10029662239541,0.00645
5.2,0.515344161572664,1.04707815326485,7.01659003901419,0.0051
5.2,0.371638526788753,0.109856351863995,1.39251449317316,0.002175
5.2,0.451361463000172,0.244834888997999,2.19850058864869,0.0044
5.2,0.333255070793142,0.133401078868251,1.95473918786616,0.001975
5.2,0.497471005085346,0.602025310903277,13.4019747134879,0.00645
5.2,0.350764534270668,0.159971241466267,1.03548878891277,0.001825
5.2,0.587201131079595,0.651931519275318,5.91823523484677,0.008675
5.2,0.385567644528666,0.441195068449099,3.17289284275826,0.00375
5.2,0.528975898452174,0.434194479592895,4.02435953754158,0.0084
5.2,0.39130806068766,0.142810424629491,1.83014672216986,0.004275
5.2,0.551374169746074,0.37707211944102,5.12510642471979,0.01095
5.2,0.311519178788408,0.384651005807937,1.01973024773017,0.000725
5.2,0.37943582315561,0.356520120011853,1.70905805479292,0.0037
5.3,0.416773295006233,0.0872078663131241,2.44301631447178,0.004075
5.3,0.470749025825024,0.372151498746364,5.16857139973648,0.0069
5.3,0.557208653613138,7.77945863772233,7.32551909734811,0.008625
5.3,0.441011270842795,0.149682788376244,4.35828470745912,0.003675
5.3,0.419036633987568,0.362614926966809,4.57436689749309,0.003625
5.3,0.473936304707051,0.488069226177453,4.07783357229698,0.00375
5.3,0.508928117602712,0.328739136590644,7.95689048678647,0.006575
5.3,0.469845162682543,0.370227315008779,5.97456846949673,0.006625
5.3,0.497352120266687,0.35726700510618,8.16180018242982,0.007075
5.3,0.529821091249771,0.511234099773007,4.00372320902651,0.00865
5.3,0.594849895372105,1.12873167517342,5.78055647204522,0.0101
5.3,0.584389841414344,0.742521262870945,6.55675577975635,0.0082
5.3,0.446254197967393,0.329555385396,2.06198953177127,0.004725
5.3,0.51610491223506,0.662304253482796,4.89215119248655,0.008125
5.3,0.378161138720134,0.16638547336247,1.07791075751601,0.001775
5.3,0.584560191426025,0.537192937156637,5.77160146007747,0.007325
5.3,0.466214029082098,0.248187789407139,2.3798561440538,0.004825
5.3,0.399437265926158,0.856929897605617,3.60945410078716,0.000775
5.3,0.538708054965768,0.713852767837758,3.16299268176001,0.00455
5.3,0.507119716768299,0.83405821155122,2.3597522458668,0.003625
5.4,0.4460552962414,0.463890311187221,4.57108151792993,0.00375
5.4,0.412097446493623,0.258326987232805,2.20963368009844,0.004075
5.4,0.439088627325862,33.9039312066265,3.82517975416489,0.004175
5.4,0.481345765948048,0.556853021266546,3.34517268380889,0.0059
5.4,0.501514668121638,0.506406127368477,2.58319797253561,0.00405
5.4,0.558430299949848,0.46840788445642,8.72965615808657,0.009
5.4,0.384377624179622,0.190231989801467,5.24287853255282,0.0033
5.4,0.487414105764339,0.455331165760749,4.55116198679723,0.005225
5.4,0.351998751199542,0.22633803845904,1.92173200023844,0.0034
5.4,0.307796920435934,0.0723824204259705,1.85212725010634,0.001625
5.4,0.393502577977981,0.189021964775305,1.98409292708873,0.004575
5.4,0.420492166279947,0.899207691483262,1.38882909746152,0.004075
5.4,0.524113148797633,0.649180819513613,8.45668155677308,0.00575
5.4,0.556025753846343,0.711216064799838,4.14482867595041,0.009575
5.4,0.434491764796025,0.529893115219473,2.97884548393966,0.002275
5.4,0.411540748916312,1.30820533475708,2.01358719850096,0.001875
5.4,0.265075226692483,0.1157760971091,1.47045685867013,0.00085
5.4,0.491301505454321,1.60664021432054,4.39023146106315,0.00445
5.4,0.263991737109562,0.19341955178616,1.34297337899499,0.00165
5.4,0.356954780612505,0.991781072725465,2.87512765587892,0.00085
5.5,0.459509226099743,0.677544524450975,7.87987884101681,0.005525
5.5,0.414967453119379,0.602828213032453,3.96878450490364,0.002875
5.5,0.260340304376314,0.135881034527912,1.60593001686709,0.001225
5.5,0.481572045699091,1.10651921341268,1.76099113105991,0.00485
5.5,0.383627248456932,0.135535192260719,1.34691410103874,0.001175
5.5,0.264317669993309,0.124424338808683,1.32259519718444,0.002025
5.5,0.355577283526709,0.347109865379634,1.68389716282375,0.004075
5.5,0.586303076867513,1.47837568094235,6.75935207849061,0.011575
5.5,0.428580942090664,0.618934262617278,2.7911966090239,0.006875
5.5,0.539993572777994,0.605486200340169,6.93462900182327,0.0078
5.5,0.32595716769803,0.151228211380436,1.54047085237833,0.0017
5.5,0.514622011731833,0.567037247520752,7.36029846002339,0.006575
5.5,0.268043209735406,0.417607868288736,1.00769485122497,0.000475
5.5,0.525184090251539,0.757003193324577,2.94952588108881,0.007575
5.5,0.530197990626068,0.708616537839528,4.60219073386186,0.0043
5.5,0.362555887060935,0.419223227066115,1.00727962782575,0.000725
5.5,0.532746074176921,1.21050863016189,4.61100525834781,0.00515
5.5,0.415282531070329,0.472159061330131,1.24907151271168,0.0041
5.5,0.45517206494692,0.185765961056106,7.88881163646598,0.004125
5.5,0.314505622362839,0.266782486948391,1.14123458689864,0.001825
5.6,0.312384693912898,0.102575605313455,1.08432540050066,0.001275
